
<resources>
    <color name="seed">#007ba2</color>
    <color name="md_theme_light_primary">#006687</color>
    <color name="md_theme_light_onPrimary">#FFFFFF</color>
    <color name="md_theme_light_primaryContainer">#C1E8FF</color>
    <color name="md_theme_light_onPrimaryContainer">#001E2B</color>
    <color name="md_theme_light_secondary">#4D616C</color>
    <color name="md_theme_light_onSecondary">#FFFFFF</color>
    <color name="md_theme_light_secondaryContainer">#D0E6F3</color>
    <color name="md_theme_light_onSecondaryContainer">#091E27</color>
    <color name="md_theme_light_tertiary">#5F5A7D</color>
    <color name="md_theme_light_onTertiary">#FFFFFF</color>
    <color name="md_theme_light_tertiaryContainer">#E5DEFF</color>
    <color name="md_theme_light_onTertiaryContainer">#1B1736</color>
    <color name="md_theme_light_error">#BA1A1A</color>
    <color name="md_theme_light_errorContainer">#FFDAD6</color>
    <color name="md_theme_light_onError">#FFFFFF</color>
    <color name="md_theme_light_onErrorContainer">#410002</color>
    <color name="md_theme_light_background">#FBFCFE</color>
    <color name="md_theme_light_onBackground">#191C1E</color>
    <color name="md_theme_light_surface">#FBFCFE</color>
    <color name="md_theme_light_onSurface">#191C1E</color>
    <color name="md_theme_light_surfaceVariant">#DCE3E9</color>
    <color name="md_theme_light_onSurfaceVariant">#40484C</color>
    <color name="md_theme_light_outline">#71787D</color>
    <color name="md_theme_light_inverseOnSurface">#F0F1F3</color>
    <color name="md_theme_light_inverseSurface">#2E3133</color>
    <color name="md_theme_light_inversePrimary">#73D2FF</color>
    <color name="md_theme_light_shadow">#000000</color>
    <color name="md_theme_light_surfaceTint">#006687</color>
    <color name="md_theme_light_outlineVariant">#C0C7CD</color>
    <color name="md_theme_light_scrim">#000000</color>
    <color name="md_theme_dark_primary">#73D2FF</color>
    <color name="md_theme_dark_onPrimary">#003548</color>
    <color name="md_theme_dark_primaryContainer">#004D66</color>
    <color name="md_theme_dark_onPrimaryContainer">#C1E8FF</color>
    <color name="md_theme_dark_secondary">#B5CAD7</color>
    <color name="md_theme_dark_onSecondary">#1F333D</color>
    <color name="md_theme_dark_secondaryContainer">#364954</color>
    <color name="md_theme_dark_onSecondaryContainer">#D0E6F3</color>
    <color name="md_theme_dark_tertiary">#C8C2EA</color>
    <color name="md_theme_dark_onTertiary">#302C4C</color>
    <color name="md_theme_dark_tertiaryContainer">#474364</color>
    <color name="md_theme_dark_onTertiaryContainer">#E5DEFF</color>
    <color name="md_theme_dark_error">#FFB4AB</color>
    <color name="md_theme_dark_errorContainer">#93000A</color>
    <color name="md_theme_dark_onError">#690005</color>
    <color name="md_theme_dark_onErrorContainer">#FFDAD6</color>
    <color name="md_theme_dark_background">#191C1E</color>
    <color name="md_theme_dark_onBackground">#E1E2E5</color>
    <color name="md_theme_dark_surface">#191C1E</color>
    <color name="md_theme_dark_onSurface">#E1E2E5</color>
    <color name="md_theme_dark_surfaceVariant">#40484C</color>
    <color name="md_theme_dark_onSurfaceVariant">#C0C7CD</color>
    <color name="md_theme_dark_outline">#8A9297</color>
    <color name="md_theme_dark_inverseOnSurface">#191C1E</color>
    <color name="md_theme_dark_inverseSurface">#E1E2E5</color>
    <color name="md_theme_dark_inversePrimary">#006687</color>
    <color name="md_theme_dark_shadow">#000000</color>
    <color name="md_theme_dark_surfaceTint">#73D2FF</color>
    <color name="md_theme_dark_outlineVariant">#40484C</color>
    <color name="md_theme_dark_scrim">#000000</color>
</resources>
